VerificationTime,User,ThreadName,OrderIDs
2026-03-19 07:42:42,ACID,TG2 - Order Verification Journey 2-1,"1001;1004;1006"
2026-03-19 07:43:07,ACID,TG2 - Order Verification Journey 2-1,"1001;1004;1006;1008"
2026-03-19 07:43:34,j2ee,TG2 - Order Verification Journey 2-1,"1000;1002;1003;1005;1007;1009;1010;1011;1013"
2026-03-19 07:44:03,j2ee,TG2 - Order Verification Journey 2-1,"1000;1002;1003;1005;1007;1009;1010;1011;1013"
2026-03-19 07:44:29,ACID,TG2 - Order Verification Journey 2-1,"1001;1004;1006;1008;1012;1014;1015;1016;1019"
2026-03-19 07:44:54,ACID,TG2 - Order Verification Journey 2-1,"1001;1004;1006;1008;1012;1014;1015;1016;1019"
2026-03-19 07:45:18,j2ee,TG2 - Order Verification Journey 2-1,"1000;1002;1003;1005;1007;1009;1010;1011;1013;1017;1018;1020;1022;1024"
2026-03-19 07:45:45,j2ee,TG2 - Order Verification Journey 2-1,"1000;1002;1003;1005;1007;1009;1010;1011;1013;1017;1018;1020;1022;1024"
2026-03-19 07:46:12,ACID,TG2 - Order Verification Journey 2-1,"1001;1004;1006;1008;1012;1014;1015;1016;1019;1021;1023;1025;1027;1029"
2026-03-19 07:46:38,ACID,TG2 - Order Verification Journey 2-1,"1001;1004;1006;1008;1012;1014;1015;1016;1019;1021;1023;1025;1027;1029"
2026-03-19 07:47:03,j2ee,TG2 - Order Verification Journey 2-1,"1000;1030;1028;1026;1024;1022;1020;1018;1033;1017;1011;1010;1009;1007;1005;1003;1002;1013;1034"
